동,2019년 11월 1주,2019년 11월 2주,2019년 11월 3주,2019년 11월 4주,2019년 12월 1주,2019년 12월 2주,2019년 12월 3주,2019년 12월 4주,2020년 01월 1주,2020년 01월 2주,2020년 01월 3주,2020년 01월 4주,2020년 01월 5주,2020년 02월 1주,2020년 02월 2주,2020년 02월 3주,2020년 02월 4주,2020년 03월 1주,2020년 03월 2주,2020년 03월 3주,2020년 03월 4주,2020년 04월 1주,2020년 04월 2주,2020년 04월 3주,2020년 04월 4주,2020년 04월 5주,2020년 05월 1주,2020년 05월 2주,2020년 05월 3주,2020년 05월 4주,2020년 06월 1주,2020년 06월 2주,2020년 06월 3주,2020년 06월 4주,2020년 07월 1주,2020년 07월 2주,2020년 07월 3주,2020년 07월 4주,2020년 07월 5주,2020년 08월 1주,2020년 08월 2주,2020년 08월 3주,2020년 08월 4주,2020년 09월 1주,2020년 09월 2주,2020년 09월 3주,2020년 09월 4주,2020년 09월 5주,2020년 10월 1주,2020년 10월 2주,2020년 10월 3주,2020년 10월 4주
각화동,1574.0,1574.0,1574.0,1574.0,1574.0,1579.0,1584.0,1584.0,1591.855,1594.0,1594.0,1594.0,1594.0,1587.5749999999998,1576.1399999999999,1569.0,1549.0,1519.0,1517.5700000000002,1499.0,1465.43,1412.9250000000002,1378.5,1354.215,1324.93,1298.5,1298.5,1298.5,1298.5,1311.3600000000001,1325.645,1356.3600000000001,1378.5,1394.9299999999998,1404.2150000000001,1408.5,1408.5,1408.5,1408.5,1405.645,1403.5,1403.5,1403.5,1403.5,1403.5,1394.9299999999998,1388.5,1388.5,1388.5,1388.5,1388.5,1388.5
광산동,1519.0,1519.0,1519.0,1519.0,1519.0,1530.43,1539.0,1539.0,1559.0,1561.86,1579.0,1579.0,1579.0,1579.0,1549.0,1549.0,1549.0,1519.0,1513.29,1479.0,1449.0,1403.29,1399.0,1349.0,1309.0,1279.0,1279.0,1279.0,1279.0,1279.0,1279.0,1279.0,1293.29,1329.0,1359.0,1359.0,1359.0,1359.0,1359.0,1359.0,1359.0,1359.0,1359.0,1359.0,1359.0,1359.0,1339.0,1339.0,1339.0,1339.0,1339.0,1339.0
광천동,1531.4299999999998,1540.0,1535.7150000000001,1530.0,1530.7150000000001,1535.0,1535.0,1540.0,1554.285,1561.0,1567.0,1567.0,1559.145,1553.0700000000002,1533.0700000000002,1523.0700000000002,1514.5,1512.355,1498.7849999999999,1485.4299999999998,1461.4299999999998,1417.9299999999998,1357.0700000000002,1332.0749999999998,1311.355,1299.9299999999998,1293.2150000000001,1277.7849999999999,1277.7849999999999,1283.5,1290.645,1304.8600000000001,1321.785,1335.0700000000002,1344.2150000000001,1350.145,1350.0,1350.0,1350.0,1350.0,1350.0,1350.0,1350.0,1343.145,1342.0,1340.5700000000002,1332.0,1333.4299999999998,1329.645,1313.645,1311.5,1306.855
내남동,1559.0,1559.0,1559.0,1559.0,1516.14,1520.43,1539.0,1544.71,1564.71,1579.0,1579.0,1579.0,1579.0,1557.57,1531.86,1519.0,1519.0,1482.43,1457.57,1431.57,1403.57,1368.71,1337.0,1300.43,1268.43,1247.86,1245.0,1223.57,1219.29,1250.0,1251.43,1286.14,1312.14,1340.43,1349.0,1349.0,1349.0,1349.0,1349.0,1349.0,1349.0,1349.0,1349.0,1349.0,1349.0,1342.14,1325.0,1325.0,1325.0,1325.0,1325.0,1325.0
농성동,1486.3333333333333,1492.7133333333334,1494.3333333333333,1495.2866666666666,1498.7133333333334,1509.2866666666669,1517.38,1524.0466666666669,1538.3300000000002,1541.0,1551.6666666666667,1547.1933333333334,1540.43,1530.5233333333333,1520.8133333333333,1505.6666666666667,1497.57,1486.9566666666667,1470.7133333333334,1450.8100000000002,1408.7133333333334,1374.3366666666668,1341.2866666666666,1314.1933333333334,1282.8099999999997,1263.4799999999998,1247.4766666666667,1239.0,1235.6666666666667,1238.3333333333333,1249.7633333333333,1285.4766666666667,1312.1433333333334,1334.0466666666669,1348.3333333333333,1345.4766666666667,1341.6666666666667,1330.2366666666667,1323.0,1323.0,1323.0,1323.0,1323.0,1323.0,1320.62,1313.9533333333331,1313.0,1301.0,1289.0,1289.0,1288.0466666666669,1284.9033333333334
대촌동,1498.0,1498.0,1498.0,1499.43,1498.0,1509.43,1518.0,1534.67,1538.0,1542.29,1548.0,1548.0,1548.0,1530.86,1516.57,1508.0,1495.14,1478.0,1458.0,1435.14,1392.29,1366.57,1332.29,1300.86,1272.29,1248.0,1238.0,1223.71,1218.0,1218.0,1218.0,1260.86,1286.57,1335.14,1338.0,1338.0,1338.0,1338.0,1338.0,1338.0,1338.0,1320.86,1318.0,1318.0,1318.0,1300.86,1298.0,1298.0,1298.0,1298.0,1298.0,1289.43
덕림동,1540.0,1540.0,1540.0,1540.0,1540.0,1540.0,1540.0,1540.0,1540.0,1568.57,1580.0,1580.0,1580.0,1580.0,1580.0,1580.0,1580.0,1580.0,1580.0,1580.0,1580.0,1580.0,1487.14,1450.0,1414.29,1400.0,1373.33,1360.0,1360.0,1300.0,1290.0,1290.0,1290.0,1367.14,1380.0,1388.57,1390.0,1390.0,1390.0,1390.0,1390.0,1390.0,1390.0,1390.0,1390.0,1390.0,1390.0,1390.0,1390.0,1390.0,1412.86,1430.0
도덕동,1499.0,1499.0,1510.43,1519.0,1527.57,1529.0,1529.0,1527.57,1533.29,1539.0,1539.0,1539.0,1539.0,1533.29,1517.57,1499.0,1493.29,1483.29,1454.71,1436.14,1380.43,1357.57,1321.86,1299.0,1281.86,1257.57,1253.29,1239.0,1239.0,1239.0,1247.57,1304.71,1299.0,1324.71,1330.43,1329.0,1329.0,1329.0,1329.0,1329.0,1330.43,1330.43,1329.0,1329.0,1316.14,1306.14,1297.57,1290.29,1286.14,1279.0,1279.0,1279.0
도산동,1489.0,1489.0,1499.0,1499.0,1507.57,1509.0,1519.0,1519.0,1527.57,1540.43,1549.0,1549.0,1543.29,1534.71,1517.57,1504.71,1496.14,1480.43,1460.43,1421.86,1387.57,1354.71,1307.57,1293.29,1253.29,1239.0,1221.86,1219.0,1219.0,1227.57,1239.0,1263.29,1296.14,1309.0,1317.57,1321.86,1329.0,1329.0,1329.0,1329.0,1329.0,1329.0,1329.0,1329.0,1327.57,1316.14,1299.0,1299.0,1294.71,1289.0,1289.0,1289.0
도천동,1521.257,1521.2,1519.6290000000001,1520.771,1524.459,1527.5,1529.157,1538.586,1544.971,1551.815,1557.587,1557.3,1557.3,1556.586,1556.443,1550.986,1540.2,1523.8000000000002,1508.4140000000002,1486.9140000000002,1451.7559999999999,1416.845,1376.758,1338.9420000000002,1311.816,1297.9160000000002,1285.271,1268.042,1262.042,1265.971,1270.5430000000001,1297.815,1317.843,1337.602,1349.455,1354.157,1352.429,1352.6,1352.6,1351.886,1352.6,1352.6,1354.886,1355.6,1355.6,1355.143,1343.9299999999998,1339.9,1337.757,1337.4,1335.4,1334.971
동명동,1495.0,1495.0,1495.0,1495.0,1498.43,1507.57,1509.0,1517.14,1522.86,1530.0,1534.29,1534.29,1531.43,1521.43,1510.43,1491.86,1489.0,1479.29,1460.86,1432.0,1399.57,1359.14,1318.14,1285.0,1265.0,1245.0,1233.14,1220.71,1219.0,1219.0,1231.0,1270.71,1300.43,1313.29,1317.57,1322.43,1317.86,1315.0,1315.0,1315.0,1315.0,1315.0,1315.0,1315.0,1313.29,1297.57,1289.0,1289.0,1289.0,1289.0,1289.0,1272.71
동천동,1505.0,1505.0,1510.71,1516.43,1525.0,1525.0,1532.14,1539.29,1555.0,1569.29,1575.0,1575.0,1575.0,1575.0,1575.0,1575.0,1575.0,1539.0,1513.86,1465.0,1408.43,1367.0,1328.43,1299.0,1260.71,1239.29,1223.57,1212.86,1210.0,1214.29,1220.71,1268.43,1304.14,1335.0,1335.0,1342.14,1345.0,1323.57,1315.0,1315.0,1315.0,1315.0,1315.0,1315.0,1315.0,1315.0,1315.0,1299.0,1299.0,1299.0,1299.0,1299.0
두암동,1528.1425,1518.5,1522.785,1529.215,1533.5,1541.3575,1546.0,1547.4275,1548.5,1554.9275,1554.215,1553.5,1553.5,1549.5725,1540.2849999999999,1532.785,1525.5000000000002,1507.9275,1488.43,1466.2125,1426.8575,1389.4274999999998,1356.8575,1336.7150000000001,1307.6425,1295.8575,1288.5,1287.75,1290.25,1290.25,1301.6775,1326.32,1339.7125,1349.785,1357.285,1358.0,1358.0,1360.1425,1360.5,1360.5,1360.5,1360.5,1360.5,1360.5,1360.5,1354.785,1348.0,1348.0,1348.0,1348.0,1343.9275,1338.1425
마륵동,1522.5,1522.6775,1521.25,1523.7150000000001,1525.8925,1530.8225,1536.4275,1546.6775,1552.465,1561.68,1567.75,1567.75,1565.25,1559.3575,1547.5725,1532.5700000000002,1519.645,1503.75,1491.2849999999999,1476.395,1451.1425,1397.7475000000002,1352.25,1326.1425000000002,1303.2875,1280.785,1248.6075,1233.0375,1231.6075,1236.6425,1257.6425,1294.5725,1320.965,1339.715,1350.4275,1351.5,1351.215,1346.0375,1343.0,1343.0,1343.0,1343.0,1344.965,1340.3225,1334.5349999999999,1327.3225,1318.75,1318.75,1309.535,1310.25,1309.3225,1310.8925
망월동,1518.0,1518.0,1518.0,1518.0,1518.0,1518.0,1518.0,1529.43,1538.0,1546.57,1558.0,1558.0,1558.0,1549.43,1533.71,1519.43,1506.57,1495.43,1480.43,1469.0,1397.14,1323.29,1292.71,1280.14,1261.29,1232.0,1210.0,1210.0,1210.0,1229.43,1259.0,1259.0,1279.57,1325.0,1325.0,1332.14,1335.0,1335.0,1335.0,1335.0,1335.0,1335.0,1335.0,1335.0,1330.71,1325.0,1326.43,1326.43,1325.0,1325.0,1325.0,1325.0
매곡동,1534.145,1527.0,1527.7150000000001,1537.7150000000001,1542.0,1546.855,1555.4299999999998,1561.145,1569.0,1574.0,1584.0,1582.5700000000002,1584.0,1581.145,1566.855,1554.0,1554.0,1542.5700000000002,1525.4299999999998,1500.4250000000002,1476.145,1424.0,1390.4250000000002,1374.7150000000001,1338.2849999999999,1327.5700000000002,1312.5700000000002,1315.4299999999998,1311.145,1311.145,1324.0,1328.2849999999999,1352.57,1369.14,1377.0,1377.7150000000001,1382.0,1382.0,1382.0,1382.0,1382.0,1382.0,1382.0,1382.0,1381.0,1344.0,1327.0,1322.7150000000001,1312.0,1312.0,1312.0,1310.855
매월동,1489.857142857143,1492.0828571428572,1497.2857142857142,1497.2857142857142,1499.3285714285714,1505.162857142857,1520.7942857142857,1525.2857142857142,1527.9785714285715,1536.5514285714285,1554.2242857142858,1553.3671428571429,1553.7342857142855,1547.1642857142858,1530.8785714285716,1510.5314285714285,1493.55,1477.7542857142855,1472.55,1448.4500000000003,1401.1014285714284,1368.8971428571429,1335.3671428571429,1302.4085714285716,1273.3885714285716,1250.47,1228.6957142857143,1205.062857142857,1198.5714285714287,1200.6128571428574,1224.7342857142855,1285.02,1321.9585714285713,1329.6742857142858,1331.7142857142858,1331.7142857142858,1331.7142857142858,1328.0414285714287,1326.5714285714287,1326.5714285714287,1326.5714285714287,1329.02,1328.6128571428574,1319.1014285714284,1317.3057142857142,1297.0214285714287,1284.7142857142858,1284.7142857142858,1283.0,1282.672857142857,1281.8157142857142,1278.7342857142855
명화동,1535.0,1535.0,1535.0,1535.0,1535.0,1535.0,1535.0,1535.0,1535.0,1535.0,1535.0,1535.0,1535.0,1535.0,1535.0,1535.0,1535.0,1535.0,1525.86,1501.86,1489.0,1420.43,1369.0,1369.0,1369.0,1311.86,1269.0,1269.0,1269.0,1281.86,1299.0,1299.0,1299.0,1299.0,1299.0,1299.0,1313.29,1349.0,1349.0,1349.0,1349.0,1349.0,1349.0,1349.0,1349.0,1349.0,1349.0,1349.0,1349.0,1349.0,1349.0,1349.0
문흥동,1544.0,1544.0,1544.0,1544.0,1544.7150000000001,1549.0,1549.0,1551.855,1561.855,1565.4299999999998,1584.0,1584.0,1584.0,1584.0,1572.5749999999998,1554.0,1544.0,1539.7150000000001,1526.855,1502.5700000000002,1471.145,1421.855,1378.2849999999999,1354.0,1311.855,1294.7150000000001,1276.855,1274.0,1274.0,1275.4299999999998,1284.0,1316.1399999999999,1337.5700000000002,1343.2849999999999,1354.7150000000001,1359.0,1359.0,1361.145,1364.0,1364.0,1366.855,1369.0,1369.0,1369.0,1369.0,1369.0,1369.0,1369.0,1361.855,1359.0,1359.0,1359.0
백운동,1509.0,1509.0,1509.0,1509.0,1519.0,1523.29,1529.0,1529.0,1530.43,1543.29,1549.0,1549.0,1543.29,1527.57,1517.57,1503.29,1494.71,1484.71,1471.86,1449.0,1410.43,1367.57,1327.57,1299.0,1274.71,1257.57,1236.14,1220.43,1216.14,1231.86,1249.0,1299.0,1319.0,1301.86,1299.0,1327.57,1339.0,1339.0,1339.0,1339.0,1339.0,1339.0,1339.0,1339.0,1339.0,1321.86,1299.0,1299.0,1299.0,1290.43,1279.0,1277.57
벽진동,1514.0,1516.145,1517.0,1521.2849999999999,1522.0,1525.5700000000002,1536.285,1537.5700000000002,1543.855,1549.855,1567.0,1567.0,1567.0,1562.7150000000001,1547.0,1533.0,1522.7150000000001,1507.7150000000001,1489.14,1471.2849999999999,1439.8600000000001,1396.2849999999999,1358.5700000000002,1319.7150000000001,1291.8600000000001,1256.145,1239.0,1239.0,1240.4299999999998,1247.5700000000002,1255.4299999999998,1279.71,1311.855,1326.855,1329.0,1329.0,1329.0,1329.0,1329.0,1329.0,1329.0,1329.0,1329.0,1329.0,1329.0,1321.855,1319.0,1319.0,1304.0,1306.145,1309.0,1309.0
복룡동,1475.0,1475.0,1480.285,1489.4250000000002,1493.0,1493.0,1500.14,1510.14,1521.5700000000002,1530.855,1530.145,1530.855,1523.71,1510.855,1496.4299999999998,1487.29,1470.145,1451.5700000000002,1430.145,1389.4299999999998,1369.4250000000002,1296.5700000000002,1273.0,1245.855,1199.4299999999998,1193.0,1193.0,1184.4299999999998,1196.5700000000002,1213.0,1224.4299999999998,1258.1399999999999,1275.7150000000001,1285.0,1290.7150000000001,1306.4299999999998,1310.0,1310.2849999999999,1311.0,1311.0,1311.0,1311.0,1304.5749999999998,1298.0,1298.0,1295.14,1288.0,1288.0,1274.7150000000001,1268.0,1268.0,1268.0
본덕동,1499.0,1507.57,1519.0,1519.0,1524.71,1539.0,1539.0,1539.0,1541.86,1549.0,1549.0,1549.0,1549.0,1544.71,1530.43,1523.29,1519.0,1501.86,1491.86,1451.86,1409.0,1391.86,1361.86,1344.71,1303.29,1269.0,1269.0,1263.29,1249.0,1257.57,1269.0,1277.57,1301.86,1329.0,1329.0,1337.57,1339.0,1339.0,1339.0,1339.0,1339.0,1339.0,1339.0,1339.0,1339.0,1339.0,1339.0,1330.43,1329.0,1320.43,1319.0,1319.0
본촌동,1515.6666666666667,1515.6666666666667,1515.6666666666667,1515.6666666666667,1515.6666666666667,1515.6666666666667,1516.62,1534.7133333333334,1539.0,1544.2366666666667,1552.8100000000002,1555.6666666666667,1555.6666666666667,1545.6666666666667,1530.4266666666665,1529.0,1526.1433333333334,1501.8566666666666,1487.0966666666666,1451.8566666666666,1414.2366666666667,1386.9533333333331,1354.38,1313.9033333333334,1286.1900000000003,1266.38,1257.3333333333333,1245.3333333333333,1237.3333333333333,1237.3333333333333,1241.8100000000002,1283.43,1298.95,1338.2866666666666,1337.3333333333333,1347.7633333333333,1349.6666666666667,1349.6666666666667,1347.2866666666666,1346.3333333333333,1346.3333333333333,1346.3333333333333,1346.3333333333333,1346.3333333333333,1346.3333333333333,1346.3333333333333,1333.43,1326.3333333333333,1318.9533333333331,1317.3333333333333,1317.3333333333333,1317.3333333333333
봉선동,1572.0,1572.0,1572.0,1582.71,1594.14,1602.71,1607.0,1612.71,1617.0,1624.14,1627.0,1627.0,1627.0,1627.0,1624.14,1604.14,1597.0,1584.0,1575.0,1563.29,1541.86,1504.0,1470.43,1449.71,1401.14,1351.86,1326.86,1307.57,1300.43,1313.29,1335.43,1382.57,1419.0,1423.29,1446.86,1454.0,1454.0,1434.0,1424.0,1424.0,1424.0,1424.0,1429.0,1399.0,1399.0,1390.57,1340.0,1340.0,1340.0,1340.0,1340.0,1348.57
비아동,1535.75,1536.1075,1538.965,1540.75,1543.25,1548.605,1553.6075,1560.395,1568.25,1570.3925,1573.25,1573.965,1572.715,1569.5,1560.57,1552.0,1551.6425000000002,1538.6425,1516.1075,1496.5,1462.2150000000001,1423.9624999999999,1388.43,1354.6775,1333.605,1311.1075,1293.6049999999998,1281.285,1272.7150000000001,1280.215,1296.1075,1317.8925,1343.785,1356.6425,1367.8925,1373.25,1373.25,1372.535,1368.3225,1368.5,1367.4275,1366.715,1372.605,1375.465,1374.75,1374.75,1371.18,1366.8925,1364.75,1360.4624999999999,1348.75,1344.3200000000002
산막동,1502.0,1502.0,1502.0,1502.0,1504.355,1513.0700000000002,1521.0,1531.93,1541.0,1541.0,1541.0,1541.0,1541.0,1536.715,1528.145,1513.715,1502.6399999999999,1491.21,1477.2849999999999,1451.5,1406.29,1377.2849999999999,1336.0,1298.4299999999998,1276.21,1259.07,1247.64,1234.79,1230.5,1230.5,1247.64,1276.21,1301.93,1323.36,1339.07,1340.5,1340.5,1340.5,1340.5,1340.5,1340.5,1340.5,1340.5,1340.5,1333.36,1330.5,1317.64,1310.5,1301.93,1300.5,1300.5,1300.5
산수동,1502.3333333333333,1502.3333333333333,1505.7633333333333,1508.0,1509.6666666666667,1514.6166666666668,1517.0466666666669,1525.1433333333334,1534.43,1540.43,1548.0466666666669,1546.14,1544.7133333333331,1537.0933333333335,1524.2366666666667,1512.43,1508.05,1493.0466666666664,1476.1433333333332,1452.7166666666665,1427.76,1378.8099999999997,1336.3366666666668,1309.0,1280.43,1257.5733333333335,1243.2866666666669,1235.1900000000003,1232.3333333333333,1232.3333333333333,1237.76,1271.4766666666667,1293.0,1323.0466666666669,1329.1899999999998,1328.24,1333.0,1330.7133333333334,1329.0,1329.0,1329.0,1329.0,1329.0,1329.0,1325.1933333333334,1312.8066666666666,1305.1899999999998,1302.3333333333333,1302.3333333333333,1302.3333333333333,1300.5233333333333,1290.7166666666665
산월동,1529.0,1529.0,1529.0,1529.0,1529.0,1531.86,1549.0,1549.0,1551.86,1569.0,1569.0,1580.43,1589.0,1589.0,1577.57,1577.57,1577.57,1549.0,1507.57,1496.14,1456.14,1419.0,1387.57,1361.86,1319.0,1300.43,1269.0,1269.0,1251.86,1229.0,1229.0,1283.29,1310.43,1333.29,1347.57,1359.0,1359.0,1359.0,1359.0,1359.0,1359.0,1359.0,1359.0,1359.0,1359.0,1359.0,1359.0,1359.0,1339.0,1333.29,1319.0,1319.0
산정동,1531.1899999999998,1534.5233333333333,1538.3333333333333,1540.7133333333334,1541.6666666666667,1549.7600000000002,1555.4766666666667,1559.2866666666666,1565.95,1580.24,1585.9533333333331,1585.0,1584.5233333333333,1575.4766666666667,1568.3333333333333,1561.6666666666667,1554.0466666666669,1536.43,1525.24,1495.1899999999998,1459.7133333333334,1426.5233333333333,1389.2833333333335,1358.3333333333333,1336.9033333333334,1328.8100000000002,1317.38,1292.1433333333334,1288.3333333333333,1289.2866666666666,1312.38,1334.7633333333333,1348.0966666666666,1360.2366666666667,1372.1433333333334,1390.7133333333334,1389.7633333333333,1389.2866666666666,1385.9533333333331,1385.0,1385.9533333333331,1385.0,1385.0,1385.0,1385.0,1385.0,1378.3333333333333,1371.6666666666667,1371.6666666666667,1372.62,1372.62,1360.7133333333331
삼각동,1529.6280000000002,1526.2,1526.486,1528.2,1528.2,1528.2,1528.772,1535.628,1540.7720000000002,1553.3439999999998,1558.2,1558.2,1556.486,1547.9140000000002,1534.4859999999999,1526.258,1519.458,1503.742,1484.4299999999998,1450.3139999999999,1426.4859999999999,1390.142,1358.1420000000003,1333.172,1298.23,1279.858,1255.858,1248.2,1248.2,1265.914,1287.3439999999998,1313.744,1333.3439999999998,1348.77,1353.914,1359.916,1362.2,1357.974,1351.0,1351.0,1351.0,1351.0,1351.0,1351.0,1350.142,1346.714,1340.142,1337.858,1337.858,1338.714,1337.0,1337.286
삼거동,1495.0,1495.0,1506.43,1515.0,1515.0,1515.0,1515.0,1515.0,1525.0,1525.0,1545.0,1545.0,1545.0,1545.0,1545.0,1519.29,1515.0,1503.57,1482.14,1465.0,1413.57,1390.71,1350.71,1322.71,1289.86,1273.57,1245.0,1245.0,1245.0,1256.43,1285.0,1293.57,1302.14,1320.0,1331.43,1340.0,1344.29,1355.0,1355.0,1355.0,1355.0,1355.0,1355.0,1355.0,1347.86,1330.0,1305.0,1305.0,1305.0,1305.0,1305.0,1305.0
삼도동,1579.0,1579.0,1579.0,1579.0,1579.0,1579.0,1579.0,1579.0,1579.0,1579.0,1579.0,1579.0,1579.0,1579.0,1579.0,1579.0,1579.0,1579.0,1544.71,1499.0,1499.0,1456.14,1399.0,1399.0,1399.0,1399.0,1399.0,1370.43,1299.0,1299.0,1299.0,1299.0,1370.43,1399.0,1399.0,1399.0,1399.0,1399.0,1399.0,1399.0,1399.0,1399.0,1399.0,1399.0,1399.0,1399.0,1399.0,1399.0,1399.0,1377.57,1349.0,1349.0
생용동,1498.0,1500.86,1518.0,1518.0,1518.0,1518.0,1518.0,1535.14,1538.0,1546.57,1558.0,1558.0,1558.0,1548.0,1539.43,1526.57,1515.14,1495.14,1472.29,1436.57,1410.86,1372.29,1339.43,1315.14,1293.71,1279.43,1258.0,1258.0,1258.0,1258.0,1258.0,1269.43,1295.14,1335.14,1338.0,1346.57,1348.0,1348.0,1348.0,1348.0,1348.0,1348.0,1348.0,1348.0,1348.0,1348.0,1333.71,1328.0,1328.0,1328.0,1328.0,1328.0
서봉동,1475.0,1475.0,1503.57,1515.0,1515.0,1515.0,1515.0,1515.0,1515.0,1520.71,1530.71,1525.0,1525.0,1515.0,1509.29,1495.0,1483.57,1465.0,1447.86,1432.14,1377.29,1354.43,1317.86,1282.14,1265.0,1243.57,1235.0,1235.0,1235.0,1235.0,1252.14,1295.0,1295.0,1295.0,1299.29,1309.29,1305.0,1316.43,1325.0,1325.0,1325.0,1325.0,1325.0,1325.0,1305.0,1302.14,1295.0,1286.43,1275.0,1275.0,1275.0,1275.0
서창동,1497.0,1497.0,1497.0,1498.4299999999998,1503.145,1506.145,1514.855,1520.5749999999998,1527.0,1533.285,1548.145,1554.0,1552.5700000000002,1549.0,1533.2849999999999,1512.0,1495.5749999999998,1487.0,1474.86,1450.5749999999998,1414.86,1375.5700000000002,1338.4299999999998,1305.5700000000002,1278.7150000000001,1245.0,1232.715,1199.43,1187.0,1197.7150000000001,1214.14,1272.4250000000002,1307.86,1320.7150000000001,1325.0,1327.855,1330.0,1330.0,1330.0,1330.0,1330.0,1330.0,1330.0,1330.0,1327.145,1310.715,1284.2849999999999,1280.0,1280.0,1280.0,1280.0,1280.0
선암동,1473.0,1473.0,1473.0,1473.0,1487.29,1493.0,1500.14,1506.43,1519.29,1525.0,1525.0,1525.0,1525.0,1519.29,1509.29,1495.0,1487.86,1467.86,1450.71,1431.29,1374.71,1356.43,1317.86,1282.14,1265.0,1247.86,1235.0,1235.0,1220.71,1215.0,1222.14,1270.71,1285.0,1293.57,1302.14,1305.0,1305.0,1305.0,1305.0,1305.0,1305.0,1305.0,1305.0,1305.0,1305.0,1300.71,1292.14,1283.57,1270.71,1265.0,1265.0,1265.0
세하동,1511.5,1511.5,1511.5,1517.9299999999998,1526.5,1526.7849999999999,1532.9299999999998,1537.0700000000002,1538.5,1543.5,1562.0700000000002,1566.5,1566.5,1564.2150000000001,1550.5,1531.5,1513.9299999999998,1498.0700000000002,1489.2150000000001,1470.21,1424.2849999999999,1388.5,1354.21,1323.2150000000001,1293.93,1271.5,1249.5,1224.21,1218.5,1220.355,1235.645,1278.645,1321.0,1332.9299999999998,1336.5,1338.645,1341.5,1341.5,1341.5,1337.9299999999998,1336.5,1336.5,1336.5,1336.5,1334.355,1319.0749999999998,1308.07,1303.5,1300.645,1298.5,1298.5,1298.5
소촌동,1505.0,1504.405,1504.1666666666667,1507.0233333333333,1511.4283333333333,1520.4783333333332,1527.5,1536.5483333333332,1544.1666666666667,1550.9533333333336,1559.5233333333333,1562.8566666666666,1556.1899999999998,1551.7866666666669,1540.7150000000001,1513.4516666666666,1508.4516666666666,1502.4516666666668,1481.335,1460.2150000000001,1415.7366666666667,1380.1433333333334,1341.0966666666666,1305.0966666666666,1286.1449999999998,1263.5966666666666,1257.1666666666667,1255.6183333333333,1251.095,1251.0966666666666,1262.405,1284.6433333333332,1293.3583333333333,1304.8583333333333,1320.6650000000002,1324.0,1324.0,1324.4750000000001,1323.1666666666667,1323.1666666666667,1323.1666666666667,1323.1666666666667,1324.595,1325.6666666666667,1325.6666666666667,1317.4766666666667,1300.095,1298.19,1295.3333333333333,1295.3333333333333,1292.9516666666666,1288.1899999999998
송정동,1498.0,1500.8575,1503.0,1504.0725,1510.5,1513.0,1519.785,1524.0725,1530.1425,1538.7124999999999,1547.285,1548.0,1543.715,1529.07,1520.1425000000002,1502.3575,1484.0,1471.14,1456.8574999999998,1423.6425,1390.785,1350.4299999999998,1316.1425000000002,1272.215,1238.6425,1201.145,1190.0700000000002,1186.5,1190.785,1204.0025,1216.8575,1237.5725,1268.6425,1285.785,1297.9275,1301.5,1310.0725,1313.3575,1319.4275,1318.715,1318.715,1323.0,1321.9275,1320.5,1313.0,1304.0700000000002,1284.0725,1281.5,1280.4275,1279.0,1279.0,1279.0
송촌동,1512.3333333333333,1512.3333333333333,1515.67,1528.5266666666666,1532.3333333333333,1532.3333333333333,1538.5233333333333,1547.0966666666666,1557.38,1564.8066666666666,1567.6666666666667,1569.0966666666666,1565.2833333333335,1557.3833333333332,1539.9533333333336,1532.3333333333333,1523.7600000000002,1498.8100000000002,1471.2866666666666,1441.1899999999998,1397.3833333333332,1365.0,1321.1899999999998,1296.9033333333334,1253.0933333333335,1235.0,1235.0,1235.0,1237.8566666666666,1245.0,1253.57,1279.7633333333333,1304.0466666666666,1320.2366666666667,1327.8566666666666,1340.7133333333331,1348.3333333333333,1348.3333333333333,1348.3333333333333,1348.3333333333333,1348.3333333333333,1348.3333333333333,1346.426666666667,1335.0,1335.0,1333.57,1328.3333333333333,1328.3333333333333,1318.8066666666666,1315.0,1315.0,1310.7166666666665
송하동,1484.4275,1492.36,1506.285,1507.3575,1512.6425,1524.43,1529.0700000000002,1531.6775,1533.7849999999999,1546.6750000000002,1550.25,1544.3925,1535.855,1522.4275,1510.32,1491.0,1481.145,1474.715,1461.9624999999999,1435.965,1398.965,1355.39,1322.3575,1290.395,1262.7524999999998,1240.355,1226.8575,1213.0725,1217.4624999999999,1243.3925,1253.2875,1292.9975000000002,1317.4275,1328.0725,1328.3575,1326.785,1323.6425,1319.9275,1319.5,1319.5,1320.5,1323.535,1318.1425000000002,1312.0,1309.145,1306.145,1287.8575,1280.0,1280.0,1280.0,1277.8575,1273.9275
수완동,1505.8333333333333,1505.2383333333335,1503.3333333333333,1503.3333333333333,1506.2616666666665,1510.8566666666666,1518.5,1522.9283333333333,1528.8333333333333,1539.5716666666667,1551.8566666666666,1549.3333333333333,1547.095,1533.2150000000001,1527.2383333333335,1514.8816666666664,1505.8316666666667,1487.74,1472.9516666666666,1450.6666666666667,1420.1416666666667,1383.7116666666668,1342.4516666666666,1313.76,1281.3799999999999,1262.215,1249.095,1230.1433333333334,1223.405,1225.31,1237.6650000000002,1276.595,1296.5483333333334,1314.1666666666667,1334.3083333333334,1338.8333333333333,1338.4766666666667,1332.69,1327.0,1322.2366666666667,1316.1916666666666,1311.4283333333333,1312.5,1313.3333333333333,1312.9283333333335,1306.9750000000001,1298.095,1298.0,1298.0,1297.4283333333333,1289.6416666666667,1289.095
신가동,1509.486,1505.058,1504.2,1507.828,1514.572,1517.858,1523.6,1530.8579999999997,1538.028,1551.9160000000002,1555.428,1552.856,1548.6860000000001,1541.2,1529.944,1515.3719999999998,1507.2019999999998,1491.258,1475.23,1447.0,1413.6860000000001,1368.658,1334.344,1303.886,1274.7720000000002,1251.8300000000002,1235.0000000000002,1218.544,1214.2,1225.972,1240.4,1268.828,1297.6280000000002,1324.3719999999998,1341.3719999999998,1341.172,1340.742,1333.542,1328.6,1328.6,1328.6,1328.6,1331.8,1327.0,1326.714,1302.4,1288.4,1288.4,1290.972,1291.4,1290.542,1290.542
신안동,1493.1666666666667,1493.1666666666667,1497.1666666666667,1496.835,1499.095,1505.55,1517.88,1527.9533333333331,1530.4516666666666,1540.2116666666668,1545.5716666666667,1543.9516666666666,1536.7866666666666,1527.545,1514.8583333333333,1499.4266666666665,1492.8566666666666,1481.1916666666666,1470.073333333333,1442.1899999999998,1410.595,1371.9750000000001,1324.7633333333333,1297.5233333333333,1269.405,1250.4750000000001,1235.5,1221.0233333333333,1214.5233333333333,1215.7366666666667,1232.4750000000001,1291.6666666666667,1305.7616666666668,1335.1433333333332,1337.6666666666667,1337.6666666666667,1331.12,1325.8816666666667,1323.3566666666668,1322.5,1322.5,1321.1899999999998,1319.1666666666667,1319.1666666666667,1317.1183333333336,1304.9766666666667,1295.9983333333332,1294.0,1291.0483333333334,1288.0,1285.7616666666665,1278.9516666666666
신용동,1544.3333333333333,1544.3333333333333,1545.2866666666666,1553.8566666666666,1557.6666666666667,1557.6666666666667,1559.0966666666666,1564.3333333333333,1576.7133333333334,1580.5266666666666,1584.3333333333333,1584.3333333333333,1584.3333333333333,1577.2833333333335,1569.0,1566.1433333333332,1557.57,1538.5233333333333,1519.1566666666668,1502.3333333333333,1478.05,1456.1433333333332,1439.0,1413.76,1393.2866666666666,1278.3333333333333,1266.3333333333333,1250.6166666666666,1243.0,1243.0,1265.1433333333334,1300.8566666666666,1328.24,1356.3333333333333,1356.3333333333333,1357.7633333333333,1356.3333333333333,1356.3333333333333,1356.3333333333333,1356.3333333333333,1356.3333333333333,1356.3333333333333,1356.3333333333333,1356.3333333333333,1356.3333333333333,1356.3333333333333,1345.8566666666666,1336.3333333333333,1336.3333333333333,1336.3333333333333,1336.3333333333333,1332.5266666666666
신창동,1501.6666666666667,1501.0716666666667,1501.7849999999999,1505.8100000000002,1508.905,1514.3099999999997,1525.095,1529.1666666666667,1530.8333333333333,1538.7633333333333,1546.6666666666667,1546.6666666666667,1540.0233333333333,1526.7133333333334,1518.8333333333333,1499.3566666666666,1491.1416666666664,1486.1433333333332,1460.8333333333333,1440.4766666666667,1409.9283333333333,1366.2133333333331,1335.7833333333333,1293.5933333333335,1273.045,1257.785,1236.93,1202.595,1199.0466666666669,1216.1200000000001,1232.405,1274.9766666666667,1289.405,1301.095,1321.7383333333335,1324.4283333333333,1326.0466666666666,1327.6666666666667,1323.0233333333333,1318.405,1319.3566666666668,1320.1666666666667,1321.81,1321.1433333333332,1316.5233333333333,1305.1666666666667,1296.3566666666668,1294.3333333333333,1291.5716666666667,1288.3816666666667,1285.285,1276.5000000000002
신촌동,1532.3333333333333,1535.6666666666667,1535.6666666666667,1535.6666666666667,1539.9533333333331,1550.43,1568.5233333333335,1569.4766666666667,1576.1433333333334,1579.0,1579.0,1579.0,1578.0466666666669,1549.4766666666667,1536.1433333333334,1502.62,1497.6666666666667,1491.4766666666665,1486.1433333333334,1468.5233333333333,1438.05,1400.9066666666668,1361.38,1318.3333333333333,1281.38,1278.0466666666669,1259.95,1250.9033333333334,1249.0,1250.9033333333334,1280.43,1298.0466666666669,1314.24,1323.7633333333333,1344.2366666666667,1348.5233333333333,1347.57,1345.6666666666667,1345.6666666666667,1345.6666666666667,1345.6666666666667,1345.6666666666667,1361.86,1365.6666666666667,1363.7633333333333,1355.5733333333335,1341.6666666666667,1341.6666666666667,1341.6666666666667,1333.6666666666667,1326.62,1325.6666666666667
쌍암동,1529.0,1529.0,1529.0,1529.0,1529.0,1537.57,1549.0,1551.86,1559.0,1563.29,1569.0,1569.0,1569.0,1564.71,1553.29,1539.0,1539.0,1519.0,1499.0,1473.29,1426.14,1390.43,1357.57,1320.43,1293.29,1270.43,1259.0,1247.57,1239.0,1239.0,1253.29,1283.29,1316.14,1339.0,1347.57,1369.0,1369.0,1369.0,1369.0,1369.0,1369.0,1369.0,1369.0,1369.0,1369.0,1366.14,1349.0,1337.57,1329.0,1329.0,1329.0,1324.71
쌍촌동,1513.0,1514.1425,1517.0,1523.3575,1528.8575,1533.1425,1540.8575,1551.785,1556.3575,1566.0,1568.5,1566.3575,1565.285,1559.5725,1544.4524999999999,1533.8574999999998,1520.8575,1510.9275,1497.57,1474.2175,1442.7849999999999,1403.57,1361.8575,1330.5025,1302.2849999999999,1278.0749999999998,1258.5725,1252.5,1246.5,1250.57,1262.4275,1300.6425,1327.7849999999999,1348.8575,1356.0,1345.6425,1342.785,1341.0,1341.0,1341.0,1341.0,1341.0,1341.3575,1343.5,1335.715,1327.3575,1318.0725,1317.0,1310.285,1306.0,1306.0,1304.715
안청동,1583.5,1571.355,1573.5,1573.5,1573.5,1573.5,1573.5,1573.5,1573.5,1586.36,1603.5,1603.5,1603.5,1603.5,1603.5,1603.5,1603.5,1592.0700000000002,1569.215,1539.9299999999998,1505.645,1459.9250000000002,1434.2150000000001,1409.215,1359.215,1348.5,1348.5,1348.5,1348.5,1348.5,1348.5,1367.7849999999999,1391.355,1407.0700000000002,1428.5,1428.5,1428.5,1428.5,1428.5,1428.5,1428.5,1428.5,1428.5,1428.5,1417.7849999999999,1413.5,1413.5,1413.5,1413.5,1413.5,1413.5,1412.0700000000002
압촌동,1506.14,1499.0,1499.0,1504.71,1516.14,1523.29,1527.57,1529.0,1531.86,1546.14,1557.57,1561.86,1559.0,1559.0,1551.86,1530.43,1510.43,1499.0,1496.14,1464.71,1426.14,1381.86,1351.86,1321.86,1293.29,1273.29,1253.29,1234.71,1229.0,1229.0,1240.43,1290.43,1334.71,1349.0,1349.0,1349.0,1349.0,1349.0,1349.0,1349.0,1349.0,1349.0,1349.0,1349.0,1349.0,1343.29,1304.71,1299.0,1299.0,1299.0,1299.0,1299.0
양과동,1470.0,1470.0,1477.14,1483.43,1491.86,1503.0,1504.0,1515.14,1517.0,1545.57,1533.0,1530.0,1530.0,1526.0,1512.57,1494.57,1480.57,1472.0,1454.86,1438.86,1404.0,1360.86,1326.29,1291.29,1268.57,1241.86,1221.43,1208.86,1204.29,1224.71,1240.0,1263.29,1305.57,1315.71,1321.14,1314.0,1314.0,1313.29,1309.0,1309.0,1309.0,1309.0,1309.0,1306.86,1304.0,1295.43,1281.14,1264.0,1264.0,1264.0,1264.0,1261.86
양산동,1489.3333333333333,1489.3333333333333,1489.3333333333333,1499.62,1505.3333333333333,1505.3333333333333,1506.2866666666669,1519.38,1530.7633333333333,1534.8100000000002,1537.6666666666667,1537.6666666666667,1537.6666666666667,1522.9033333333334,1509.57,1492.9033333333334,1483.3799999999999,1471.6166666666668,1453.24,1410.1466666666665,1387.0466666666664,1355.5266666666666,1316.3333333333333,1282.57,1259.5233333333333,1240.2866666666666,1227.0466666666666,1221.3333333333333,1221.3333333333333,1221.3333333333333,1231.8066666666666,1273.2366666666667,1290.1900000000003,1317.7633333333333,1331.4733333333334,1331.0,1330.5233333333333,1327.6666666666667,1327.6666666666667,1327.6666666666667,1327.6666666666667,1327.6666666666667,1327.6666666666667,1330.5233333333333,1334.3333333333333,1330.6666666666667,1316.8566666666666,1310.6666666666667,1310.6666666666667,1303.57,1298.3333333333333,1296.4266666666667
양촌동,1509.0,1509.0,1509.0,1509.0,1509.0,1509.0,1509.0,1539.0,1539.0,1539.0,1569.0,1569.0,1569.0,1569.0,1569.0,1543.29,1539.0,1521.86,1519.0,1497.57,1469.0,1429.0,1364.71,1359.0,1324.71,1307.57,1279.0,1279.0,1279.0,1279.0,1281.86,1299.0,1329.86,1335.0,1349.0,1349.0,1349.0,1341.0,1335.0,1335.0,1335.0,1335.0,1335.0,1335.0,1335.0,1335.0,1304.14,1299.0,1299.0,1299.0,1299.0,1299.0
오운동,1485.0,1485.0,1506.43,1506.43,1518.43,1519.0,1519.0,1519.0,1527.57,1530.43,1544.14,1545.0,1545.0,1542.14,1532.14,1513.29,1509.0,1495.0,1469.29,1453.29,1390.43,1369.29,1336.14,1307.57,1280.71,1255.0,1239.0,1239.0,1239.0,1244.14,1265.0,1293.0,1302.14,1316.14,1333.29,1339.0,1339.0,1339.0,1339.0,1339.0,1339.0,1339.0,1339.0,1339.0,1331.86,1327.57,1310.43,1309.0,1301.86,1299.0,1299.0,1299.0
오치동,1524.0,1524.0,1524.0,1526.855,1533.2849999999999,1544.7150000000001,1538.2849999999999,1550.4299999999998,1557.5749999999998,1566.855,1566.145,1559.0,1559.0,1551.145,1517.5749999999998,1506.855,1503.855,1492.355,1473.2150000000001,1444.2849999999999,1411.645,1376.7849999999999,1340.6399999999999,1295.43,1276.5700000000002,1250.4299999999998,1232.6399999999999,1227.0,1234.145,1252.7150000000001,1263.4299999999998,1305.7150000000001,1335.4299999999998,1354.0,1355.4299999999998,1367.5700000000002,1369.0,1367.5700000000002,1364.0,1331.145,1331.5700000000002,1338.0,1338.0,1343.6399999999999,1328.2849999999999,1317.355,1308.5,1304.9299999999998,1298.5,1298.5,1298.5,1295.5700000000002
옥동,1515.0,1515.0,1515.0,1516.43,1525.0,1525.0,1530.71,1540.71,1545.0,1550.71,1565.0,1565.0,1565.0,1565.0,1555.0,1543.57,1535.0,1526.43,1510.71,1473.57,1416.43,1395.0,1372.14,1346.43,1300.71,1289.29,1275.0,1275.0,1266.43,1270.71,1287.86,1315.0,1317.86,1335.0,1335.0,1335.0,1335.0,1335.0,1335.0,1335.0,1335.0,1335.0,1335.0,1335.0,1335.0,1335.0,1335.0,1335.0,1317.86,1315.0,1315.0,1315.0
용두동,1504.0,1504.0,1506.145,1509.0,1509.0,1509.0,1512.2849999999999,1532.0,1532.0,1549.14,1552.0,1552.0,1549.855,1520.0,1520.0,1520.0,1497.855,1470.7150000000001,1450.7150000000001,1429.29,1389.285,1362.1399999999999,1332.14,1299.2849999999999,1275.0,1251.4299999999998,1245.0,1221.4299999999998,1215.0,1215.0,1227.5,1277.5,1306.4299999999998,1335.0,1341.4299999999998,1342.855,1340.0,1340.0,1335.7150000000001,1335.0,1333.5700000000002,1325.0,1325.0,1325.0,1323.5700000000002,1315.0,1306.4299999999998,1305.0,1305.0,1300.7150000000001,1295.0,1287.5700000000002
용봉동,1511.3333333333333,1507.5233333333333,1505.2366666666667,1506.6666666666667,1508.0466666666664,1513.3799999999999,1519.0966666666666,1528.5233333333333,1538.9033333333334,1543.7633333333333,1547.62,1538.38,1531.4766666666667,1524.62,1508.0,1494.2399999999998,1487.38,1475.1900000000003,1455.0500000000002,1427.9066666666668,1395.3799999999999,1355.86,1312.8566666666666,1286.4799999999998,1261.7633333333333,1240.24,1222.8100000000002,1212.0,1208.3333333333333,1214.3333333333333,1228.62,1261.9033333333334,1293.0933333333332,1315.8100000000002,1332.1433333333334,1335.0,1338.3333333333333,1334.1899999999998,1328.3333333333333,1327.62,1327.3333333333333,1327.3333333333333,1328.0,1322.7633333333333,1317.0,1302.7133333333334,1283.43,1282.2366666666667,1279.6666666666667,1279.6666666666667,1279.6666666666667,1281.2866666666666
용산동,1615.0,1615.0,1615.0,1615.0,1640.71,1675.0,1675.0,1675.0,1675.0,1675.0,1625.0,1557.86,1535.0,1526.14,1504.29,1490.86,1485.43,1475.57,1455.0,1431.0,1396.43,1360.43,1322.43,1288.71,1262.14,1240.71,1235.0,1214.14,1209.0,1215.57,1237.86,1275.0,1297.86,1323.57,1325.0,1325.0,1320.71,1315.0,1315.0,1315.0,1315.0,1315.0,1315.0,1315.0,1310.71,1294.71,1289.0,1289.0,1287.57,1279.0,1279.0,1269.0
용전동,1508.5,1508.5,1508.5,1508.5,1518.5,1518.5,1520.645,1536.355,1539.2150000000001,1549.93,1558.5,1558.5,1557.7849999999999,1547.785,1531.36,1524.9250000000002,1514.2150000000001,1497.07,1478.5,1446.355,1409.2150000000001,1373.5,1344.9299999999998,1309.2150000000001,1285.645,1270.64,1253.5,1242.7849999999999,1233.5,1233.5,1251.36,1287.79,1312.785,1341.355,1343.5,1344.2150000000001,1348.5,1348.5,1348.5,1348.5,1348.5,1348.5,1348.5,1348.5,1348.5,1339.07,1325.0,1318.5,1318.5,1318.5,1318.5,1312.785
우산동,1505.5,1507.1666666666667,1507.3100000000002,1510.2133333333334,1514.5,1534.8333333333333,1540.4516666666668,1539.6416666666664,1554.6183333333336,1560.4283333333333,1563.7616666666665,1564.0,1559.7150000000001,1551.2866666666669,1540.4283333333333,1523.88,1512.165,1499.9283333333333,1489.6650000000002,1472.335,1434.3566666666666,1387.3083333333334,1345.3083333333332,1317.4266666666665,1294.6666666666667,1277.0733333333333,1256.8816666666667,1246.4750000000001,1238.405,1246.5499999999997,1266.26,1293.9533333333334,1322.285,1341.0016666666668,1345.1433333333334,1347.6666666666665,1348.3799999999999,1346.095,1347.2383333333335,1349.3333333333333,1126.1666666666667,1349.3333333333333,1349.3333333333333,1349.3333333333333,1337.905,1321.9533333333331,1313.6183333333333,1313.5,1306.8583333333333,1305.095,1303.6666666666667,1303.6666666666667
운남동,1506.9033333333334,1513.7600000000002,1519.9533333333336,1525.4766666666667,1528.3333333333333,1533.0933333333335,1540.8066666666666,1543.2866666666669,1547.573333333333,1552.3333333333333,1554.7133333333331,1555.1899999999998,1558.2866666666666,1551.1433333333332,1544.7133333333331,1522.8066666666666,1515.6666666666667,1508.5233333333333,1495.1933333333334,1471.2833333333335,1440.43,1395.7633333333333,1357.9033333333334,1311.8099999999997,1297.1933333333334,1272.8100000000002,1257.5733333333333,1250.43,1239.573333333333,1247.7600000000002,1261.95,1302.8100000000002,1320.57,1339.38,1332.3333333333333,1337.2866666666666,1337.6666666666667,1337.6666666666667,1337.6666666666667,1337.6666666666667,1337.6666666666667,1337.6666666666667,1337.6666666666667,1337.6666666666667,1337.6666666666667,1323.6633333333336,1305.2866666666669,1305.0,1305.0,1305.0,1305.0,1305.0
운수동,1509.25,1509.25,1509.25,1511.395,1515.6775,1522.4624999999999,1528.6050000000002,1537.1774999999998,1544.25,1553.965,1565.0,1565.0,1565.0,1562.715,1553.8600000000001,1522.0024999999998,1514.1775,1512.75,1485.5375000000001,1461.285,1424.2125,1392.825,1350.2525,1315.89,1294.035,1277.4299999999998,1273.5,1270.32,1262.75,1262.75,1270.6799999999998,1294.6799999999998,1316.1050000000002,1332.5375,1338.605,1340.75,1340.75,1338.6075,1338.25,1338.25,1338.25,1338.25,1337.535,1335.75,1335.75,1335.035,1320.395,1318.25,1318.25,1318.25,1317.1775,1310.0375
운암동,1497.2,1497.9140000000002,1499.058,1501.112,1507.7999999999997,1515.856,1519.426,1531.0,1538.2,1545.6299999999999,1549.058,1548.342,1546.4859999999999,1534.858,1522.6280000000002,1507.6000000000001,1500.0300000000002,1487.1439999999998,1470.4299999999998,1441.828,1409.428,1369.8,1332.06,1301.484,1275.686,1255.172,1240.43,1228.314,1225.3139999999999,1225.028,1232.514,1268.2580000000003,1294.2580000000003,1317.6,1325.972,1325.858,1325.972,1322.258,1309.7720000000002,1304.3719999999998,1302.0,1306.23,1314.258,1318.058,1315.4859999999999,1307.4879999999998,1297.0,1296.2,1295.6280000000002,1289.116,1287.286,1283.856
월남동,1493.29,1497.86,1506.14,1499.0,1501.57,1509.0,1522.14,1535.0,1539.29,1549.57,1555.0,1545.57,1539.0,1526.14,1503.29,1491.86,1484.71,1476.14,1454.71,1431.57,1397.86,1361.86,1331.0,1290.43,1262.43,1243.0,1243.0,1219.0,1220.71,1230.71,1247.0,1291.86,1311.86,1341.86,1349.0,1349.0,1349.0,1349.0,1349.0,1349.0,1349.0,1349.0,1349.0,1349.0,1331.86,1325.0,1309.0,1309.0,1309.0,1309.0,1301.86,1294.71
월산동,1486.857142857143,1488.5928571428572,1488.5928571428572,1493.53,1501.2657142857145,1509.9185714285716,1518.3871428571426,1524.02,1531.142857142857,1536.4914285714287,1543.6328571428571,1541.92,1530.8785714285716,1519.062857142857,1508.552857142857,1490.2642857142855,1482.0814285714284,1475.715714285714,1461.267142857143,1435.7342857142855,1401.7757142857142,1353.427142857143,1323.142857142857,1291.98,1267.8585714285712,1242.7557142857145,1227.202857142857,1208.5314285714287,1200.162857142857,1213.2242857142858,1246.4914285714283,1295.797142857143,1326.142857142857,1330.6385714285714,1332.794285714286,1324.001428571429,1314.1028571428574,1308.3057142857142,1310.6942857142858,1312.3057142857142,1312.51,1313.1228571428571,1314.3057142857142,1312.1014285714284,1300.7557142857142,1281.49,1274.0,1273.2857142857142,1272.7957142857142,1272.5914285714284,1268.7957142857142,1259.3457142857146
월전동,1494.0,1494.0725,1494.5,1499.3575,1508.5,1511.0,1515.285,1527.0,1540.215,1548.9625,1554.8225,1556.8925,1552.7875,1545.285,1534.8925000000002,1530.2125,1523.4275,1489.715,1476.0,1432.785,1387.6425000000002,1367.9275,1334.3925000000002,1310.6074999999998,1265.215,1260.535,1251.3225,1250.3925,1248.25,1248.25,1256.715,1280.6425,1298.5,1310.25,1319.9275,1332.43,1332.0725,1329.5,1330.215,1325.285,1325.0,1325.0,1323.9275,1313.68,1318.75,1314.035,1309.75,1309.0,1304.2150000000001,1295.0725,1293.785,1293.75
월출동,1548.7633333333333,1548.7633333333333,1550.6666666666667,1548.7633333333333,1550.6666666666667,1550.6666666666667,1548.7633333333333,1563.996666666667,1568.7633333333333,1570.6699999999998,1584.0,1584.0,1579.4799999999998,1569.0,1554.2366666666667,1541.8566666666666,1538.5233333333333,1517.2366666666667,1504.86,1476.6166666666668,1439.4733333333334,1408.76,1374.4799999999998,1339.2399999999998,1301.38,1282.33,1273.7633333333333,1259.4733333333334,1250.43,1255.1899999999998,1263.5233333333333,1297.8100000000002,1333.5233333333335,1363.3333333333333,1357.43,1357.43,1356.0,1357.43,1361.0,1361.0,1361.0,1359.0966666666666,1362.6666666666667,1364.0966666666666,1364.0966666666666,1349.1433333333332,1333.0,1332.0,1332.0,1332.0,1332.0,1329.1433333333334
이장동,1479.0,1480.71,1485.0,1487.71,1496.0,1509.71,1513.29,1521.86,1530.0,1539.43,1545.0,1539.0,1530.86,1518.29,1511.0,1492.14,1483.0,1471.29,1455.57,1433.86,1392.71,1347.86,1319.29,1285.0,1258.43,1237.57,1224.43,1207.29,1203.0,1211.57,1235.57,1270.57,1297.57,1307.14,1320.0,1320.0,1320.0,1320.0,1320.0,1320.0,1317.86,1306.0,1312.0,1322.86,1315.86,1292.71,1282.71,1277.0,1277.0,1277.0,1264.86,1244.57
일곡동,1523.5,1523.5,1528.5,1533.5,1533.5,1534.2150000000001,1539.9299999999998,1552.7849999999999,1557.0700000000002,1568.5,1573.5,1573.5,1573.5,1572.0700000000002,1557.0700000000002,1548.5,1539.2150000000001,1518.5,1501.36,1469.93,1436.355,1398.5,1367.79,1333.5,1309.93,1298.5,1273.5,1270.645,1268.5,1268.5,1278.5,1312.0700000000002,1335.4250000000002,1362.0,1365.7150000000001,1368.5,1369.9299999999998,1373.5,1373.5,1373.5,1373.5,1373.5,1373.5,1373.5,1373.5,1369.2150000000001,1361.36,1358.5,1358.5,1349.9299999999998,1343.5,1342.0700000000002
임곡동,1516.0,1516.0,1516.0,1516.0,1516.0,1516.0,1516.0,1518.71,1535.0,1535.0,1535.0,1535.0,1535.0,1535.0,1535.0,1526.0,1514.0,1505.43,1492.14,1469.0,1427.86,1386.0,1343.57,1301.71,1277.71,1272.0,1272.0,1262.0,1262.0,1262.0,1262.0,1274.86,1303.43,1324.86,1332.0,1332.0,1340.57,1342.0,1342.0,1342.0,1342.0,1342.0,1342.0,1342.0,1342.0,1342.0,1342.0,1327.71,1313.43,1302.0,1302.0,1302.0
임동,1498.0,1498.0,1498.0,1498.0,1498.0,1503.71,1518.0,1518.0,1532.57,1538.0,1548.29,1548.0,1548.0,1530.86,1510.86,1498.0,1501.14,1487.14,1474.0,1459.0,1413.29,1372.71,1332.29,1326.86,1284.29,1269.71,1250.86,1238.0,1238.0,1238.0,1249.43,1281.14,1319.29,1332.14,1345.57,1358.0,1358.0,1358.0,1358.0,1358.0,1358.29,1358.0,1358.0,1358.0,1358.0,1346.86,1345.0,1345.0,1345.0,1345.0,1345.0,1345.0
임암동,1484.0,1495.4299999999998,1499.355,1494.0,1502.215,1513.2849999999999,1518.645,1550.5,1550.5,1554.7849999999999,1550.2849999999999,1554.145,1539.29,1524.5700000000002,1516.5700000000002,1494.7150000000001,1482.9299999999998,1478.2849999999999,1460.43,1440.43,1402.5749999999998,1354.8600000000001,1323.4250000000002,1291.7150000000001,1266.7849999999999,1243.29,1233.29,1216.0,1214.4299999999998,1235.4299999999998,1247.86,1287.07,1315.4250000000002,1319.7849999999999,1330.0749999999998,1324.0,1322.5700000000002,1319.0,1318.2849999999999,1314.0,1313.7150000000001,1314.0,1310.4250000000002,1304.0,1304.0,1300.4299999999998,1289.7150000000001,1286.5,1278.5700000000002,1275.0,1272.8600000000001,1263.29
장덕동,1499.0,1499.0,1499.0,1516.14,1519.0,1530.43,1539.0,1545.43,1554.0,1554.0,1554.0,1554.0,1554.0,1554.0,1556.57,1563.0,1560.71,1559.0,1536.14,1503.29,1489.0,1446.14,1414.71,1379.0,1357.57,1320.43,1309.0,1309.0,1309.0,1309.0,1309.0,1351.86,1369.0,1397.57,1409.0,1409.0,1409.0,1409.0,1409.0,1409.0,1409.0,1409.0,1409.0,1409.0,1409.0,1409.0,1409.0,1373.29,1359.0,1359.0,1359.0,1359.0
장록동,1499.0,1499.0,1499.0,1501.86,1509.0,1516.14,1526.14,1534.71,1539.0,1549.0,1559.0,1559.0,1559.0,1559.0,1553.29,1526.14,1509.0,1509.0,1491.86,1464.71,1427.57,1399.0,1360.43,1326.14,1299.0,1283.29,1279.0,1279.0,1270.43,1269.0,1270.43,1289.0,1311.86,1329.0,1333.29,1339.0,1339.0,1339.0,1339.0,1339.0,1339.0,1339.0,1339.0,1339.0,1339.0,1339.0,1327.57,1319.0,1319.0,1319.0,1319.0,1311.86
장수동,1519.0,1519.0,1519.0,1519.0,1522.0933333333332,1529.71,1534.0,1545.43,1554.0,1565.43,1574.0,1574.0,1571.86,1568.5266666666666,1560.6633333333332,1551.38,1528.7633333333333,1516.0933333333332,1500.0500000000002,1469.4766666666667,1428.7133333333334,1389.38,1358.6666666666667,1317.0,1295.283333333333,1279.1433333333332,1261.95,1243.7133333333334,1237.8566666666666,1246.43,1270.2366666666667,1312.7633333333333,1330.2866666666666,1337.38,1349.9966666666667,1354.7633333333333,1356.6666666666667,1355.7133333333334,1353.3333333333333,1350.9533333333331,1350.0,1350.0,1353.8100000000002,1356.6666666666667,1355.2366666666667,1351.0466666666669,1340.9533333333331,1330.62,1327.1433333333334,1326.6666666666667,1326.4766666666667,1323.38
주월동,1508.1899999999998,1507.88,1509.93,1519.4766666666667,1525.5716666666667,1530.118333333333,1534.4750000000001,1543.1416666666667,1543.618333333333,1551.1200000000001,1558.8083333333334,1558.4516666666666,1553.4283333333333,1543.8583333333333,1524.1216666666667,1506.285,1496.715,1485.43,1470.4983333333332,1449.6916666666668,1411.785,1366.1433333333334,1330.215,1302.9299999999998,1277.05,1255.4983333333332,1238.785,1224.5,1218.2616666666665,1228.0483333333334,1254.3816666666667,1304.4066666666668,1334.1416666666667,1347.5,1354.3333333333333,1354.6200000000001,1349.7133333333334,1346.0716666666667,1340.8333333333333,1339.1183333333333,1338.0233333333333,1338.405,1341.8083333333332,1343.5,1342.2383333333335,1320.2150000000001,1289.2383333333335,1288.6666666666667,1288.7616666666665,1287.335,1279.0466666666669,1271.905
중흥동,1554.0,1534.0,1534.0,1521.145,1519.0,1531.855,1534.0,1534.0,1534.0,1541.145,1556.855,1567.5700000000002,1569.0,1561.855,1539.715,1534.0,1534.0,1514.715,1486.855,1459.0,1436.1399999999999,1406.145,1382.5700000000002,1346.1399999999999,1300.4299999999998,1290.4299999999998,1274.7150000000001,1269.0,1269.0,1269.0,1277.5700000000002,1309.0,1336.855,1347.5700000000002,1353.2849999999999,1364.0,1364.0,1364.0,1364.0,1364.0,1364.0,1364.0,1364.0,1364.0,1364.0,1364.0,1343.645,1335.5,1335.5,1335.5,1335.5,1335.5
지산동,1495.0,1495.0,1495.0,1496.14,1499.0,1506.14,1510.71,1516.43,1523.57,1530.0,1533.57,1535.0,1530.71,1521.43,1508.29,1490.43,1488.43,1478.71,1460.86,1432.0,1399.57,1359.14,1315.29,1285.0,1265.0,1245.0,1233.86,1220.71,1219.0,1219.0,1233.86,1270.71,1303.29,1311.86,1317.57,1322.43,1317.86,1315.0,1315.0,1315.0,1315.0,1315.0,1315.0,1315.0,1312.43,1297.57,1289.0,1289.0,1289.0,1289.0,1287.0,1272.14
지석동,1509.0,1503.29,1499.0,1510.43,1519.0,1519.0,1523.29,1529.0,1529.0,1539.0,1556.14,1559.0,1559.0,1553.29,1539.0,1521.86,1510.43,1499.0,1490.43,1461.86,1424.71,1376.14,1347.57,1330.43,1296.14,1261.86,1250.43,1237.57,1229.0,1229.0,1246.14,1286.14,1330.43,1349.0,1349.0,1349.0,1349.0,1349.0,1349.0,1349.0,1349.0,1349.0,1349.0,1349.0,1349.0,1334.71,1293.29,1279.0,1279.0,1279.0,1279.0,1279.0
지야동,1504.7150000000001,1504.7150000000001,1508.145,1512.7150000000001,1509.145,1512.0,1519.855,1532.4299999999998,1531.7150000000001,1552.285,1562.0,1562.0,1562.0,1551.2849999999999,1539.855,1535.0,1518.855,1487.145,1476.4299999999998,1454.2849999999999,1417.855,1379.2849999999999,1352.855,1317.855,1286.4299999999998,1275.0,1253.5749999999998,1237.145,1235.0,1235.0,1235.0,1282.145,1312.145,1345.0,1345.0,1353.5700000000002,1355.0,1355.0,1355.0,1355.0,1355.0,1347.145,1350.0,1350.0,1355.0,1353.5700000000002,1335.0,1330.715,1325.0,1325.0,1325.0,1325.0
지평동,1474.0,1474.0,1486.8600000000001,1499.71,1514.0,1514.0,1514.0,1514.0,1519.715,1526.285,1534.5,1534.5,1529.7150000000001,1521.4250000000002,1510.7150000000001,1495.0,1487.145,1465.0,1449.2849999999999,1434.285,1376.8600000000001,1356.43,1317.86,1282.14,1265.0,1243.57,1235.0,1235.0,1227.8600000000001,1224.2849999999999,1232.145,1273.5700000000002,1285.0,1293.5700000000002,1297.855,1310.715,1320.7150000000001,1309.2849999999999,1311.4299999999998,1314.2849999999999,1320.0,1320.0,1314.2849999999999,1310.0,1305.7150000000001,1301.4250000000002,1293.5700000000002,1285.7150000000001,1274.285,1270.0,1270.0,1270.0
진곡동,1499.0,1499.0,1499.0,1499.0,1499.0,1499.0,1520.43,1529.0,1529.0,1537.57,1549.0,1549.0,1549.0,1543.29,1529.0,1516.14,1499.0,1499.0,1481.86,1456.14,1410.43,1386.14,1349.0,1320.43,1279.0,1269.0,1257.57,1243.29,1239.0,1239.0,1249.0,1281.86,1299.0,1331.86,1349.0,1349.0,1349.0,1349.0,1349.0,1349.0,1349.0,1349.0,1349.0,1349.0,1349.0,1331.86,1314.71,1309.0,1309.0,1309.0,1309.0,1301.86
진월동,1522.0,1522.0,1522.0,1522.0,1527.71,1532.0,1532.0,1540.57,1547.0,1561.29,1567.0,1567.0,1564.14,1557.71,1539.86,1520.57,1503.43,1489.0,1473.29,1458.29,1414.0,1366.14,1329.0,1307.57,1274.71,1261.14,1241.86,1224.71,1220.43,1233.29,1260.43,1304.71,1339.0,1343.29,1366.86,1374.0,1374.0,1361.14,1349.0,1349.0,1349.0,1349.0,1359.71,1353.29,1349.0,1322.86,1280.0,1280.0,1280.0,1278.57,1275.0,1276.29
치평동,1505.6,1508.6,1508.6,1510.3139999999999,1514.316,1523.23,1531.17,1534.6,1538.3120000000001,1541.458,1547.3139999999999,1548.4,1548.258,1542.946,1530.6,1519.058,1502.344,1485.428,1469.714,1448.6860000000001,1407.174,1380.2,1342.658,1309.3700000000001,1282.2000000000003,1257.286,1233.286,1228.6,1224.884,1227.886,1237.144,1273.8579999999997,1295.286,1320.798,1330.4859999999999,1330.6,1331.2,1331.2,1330.342,1323.0859999999998,1320.83,1330.544,1326.972,1324.828,1320.9419999999998,1306.0859999999998,1299.486,1297.2,1297.2,1297.2,1297.2,1297.2
풍암동,1549.0,1549.0,1549.0,1549.0,1560.43,1580.43,1589.0,1593.29,1599.0,1599.0,1599.0,1599.0,1599.0,1599.0,1576.14,1559.0,1559.0,1524.71,1507.57,1481.86,1451.86,1404.71,1399.0,1351.86,1319.0,1304.71,1299.0,1299.0,1299.0,1299.0,1299.0,1329.0,1370.43,1379.0,1379.0,1379.0,1379.0,1379.0,1379.0,1379.0,1379.0,1379.0,1379.0,1379.0,1379.0,1376.14,1359.0,1359.0,1359.0,1359.0,1359.0,1344.71
하남동,1524.0,1526.145,1539.0,1539.0,1539.0,1539.0,1560.4299999999998,1559.7150000000001,1559.0,1559.0,1567.5700000000002,1569.0,1569.0,1569.0,1569.0,1556.1399999999999,1532.57,1524.0,1516.855,1499.7150000000001,1473.285,1419.0,1394.71,1367.5700000000002,1321.855,1300.4250000000002,1289.0,1289.0,1289.0,1289.0,1289.0,1289.0,1276.855,1284.0,1304.0,1314.0,1314.0,1317.5700000000002,1319.0,1319.0,1316.855,1319.0,1327.5700000000002,1334.0,1334.0,1334.0,1328.2849999999999,1317.5700000000002,1324.0,1321.855,1320.4299999999998,1311.855
하산동,1478.5,1479.9299999999998,1496.7150000000001,1506.2849999999999,1517.0,1517.0,1517.0,1519.145,1523.4299999999998,1530.5700000000002,1536.2849999999999,1532.0,1532.0,1526.2849999999999,1502.71,1496.2849999999999,1487.7150000000001,1463.4250000000002,1438.79,1403.4299999999998,1373.855,1330.2849999999999,1297.0,1274.4299999999998,1229.645,1207.0,1200.4299999999998,1199.0,1211.5700000000002,1235.5749999999998,1238.4299999999998,1271.8600000000001,1286.715,1301.5700000000002,1310.145,1317.2849999999999,1324.0,1318.0,1318.0,1318.0,1322.2849999999999,1324.0,1324.0,1329.7150000000001,1326.855,1324.0,1306.86,1299.0,1299.0,1290.4299999999998,1287.0,1287.0
학동,1595.0,1595.0,1595.0,1595.0,1595.0,1595.0,1595.0,1595.0,1595.0,1665.0,1665.0,1665.0,1665.0,1665.0,1665.0,1645.0,1595.0,1589.29,1575.0,1566.43,1530.71,1460.71,1443.57,1419.57,1387.43,1372.0,1372.0,1372.0,1372.0,1372.0,1372.0,1372.0,1405.57,1419.0,1419.0,1419.0,1419.0,1419.0,1419.0,1419.0,1419.0,1419.0,1419.0,1419.0,1419.0,1419.0,1419.0,1419.0,1419.0,1419.0,1419.0,1419.0
화정동,1499.0,1505.855,1507.0,1509.145,1518.14,1523.0,1537.0,1549.4299999999998,1556.855,1561.145,1562.0,1558.0,1555.0,1546.4299999999998,1535.0,1522.145,1509.285,1495.645,1476.14,1459.715,1424.715,1389.0,1349.2849999999999,1317.145,1295.5749999999998,1277.855,1271.0,1266.145,1265.0,1247.0,1257.715,1289.1399999999999,1327.0,1355.2849999999999,1360.855,1348.5700000000002,1345.0,1340.7150000000001,1340.0,1340.0,1340.0,1340.0,1340.0,1340.0,1334.29,1322.145,1311.7150000000001,1310.0,1306.2849999999999,1297.0,1297.0,1294.7150000000001
황룡동,1473.0,1473.0,1475.57,1483.29,1489.0,1489.57,1497.29,1503.29,1514.71,1523.29,1527.29,1523.0,1514.43,1503.29,1493.29,1480.43,1466.14,1444.71,1424.71,1389.0,1359.0,1309.0,1263.29,1236.14,1204.71,1183.29,1174.71,1169.0,1171.86,1189.0,1201.86,1231.86,1261.86,1279.0,1283.29,1289.0,1290.43,1299.0,1299.0,1289.0,1289.0,1289.0,1289.0,1289.0,1289.0,1280.43,1269.0,1269.0,1263.29,1259.0,1259.0,1257.57
흑석동,1529.215,1533.4975,1536.0,1536.0,1541.0,1542.785,1546.3575,1557.0725,1573.5,1575.4625,1582.25,1582.25,1582.25,1577.6075,1568.355,1557.6075,1555.75,1544.4625,1533.5349999999999,1497.785,1482.9275,1447.4275,1410.5725,1386.0,1347.1425,1322.5725,1318.1425,1302.7849999999999,1302.785,1317.0725,1329.9275,1342.0700000000002,1357.785,1363.5,1379.2150000000001,1383.5,1383.5,1377.0725,1370.2875,1362.785,1363.5,1363.5,1362.4275,1364.5725,1366.0,1363.0,1356.4625,1353.25,1353.25,1351.8225,1348.25,1354.6775
